lemma	form	count	source
ΑΣ	ΑΣ	1	grc_proiel_lg
Αἰδέσθητί	Αἰδέσθητί	1	grc_proiel_lg
Αὐθάδης	Αὐθάδης	1	grc_proiel_lg
Βάσσος	Βάσσου	1	grc_proiel_lg
Βίτων	Βίτωνα	1	grc_proiel_lg
Βαρνάβας	Βαρνάβα	1	grc_proiel_lg
Βασιλεῖος	Βασιλεῖαι	1	grc_proiel_lg
Βούρρον	Βούρρου	1	grc_proiel_lg
Βούρρος	Βούρρου	2	grc_proiel_lg
Βούρρος	Βούρρῳ	1	grc_proiel_lg
Γαΐας	Γαΐου	2	grc_proiel_lg
Γερμανικός	Γερμανικὸς	1	grc_proiel_lg
Γνώρισος	Γνώρισόν	1	grc_proiel_lg
Γραπτή	Γραπτὴ	1	grc_proiel_lg
Γραπτός	Γραπτῇ	1	grc_proiel_lg
Δάφνος	Δάφνον	1	grc_proiel_lg
Δήλωσος	Δήλωσόν	1	grc_proiel_lg
Δαθάν	Δαθὰν	1	grc_proiel_lg
Δαμά	Δαμᾶ	1	grc_proiel_lg
Δαναΐς	Δαναΐδες	1	grc_proiel_lg
Δανιήλ	Δανιήλ	2	grc_proiel_lg
Δαυίδ	Δαυείδ	10	grc_proiel_lg
Δαυίδ	Δαυεὶδ	5	grc_proiel_lg
Δείξασά	Δείξασά	1	grc_proiel_lg
Δευτερονομίῳ	Δευτερονομίῳ	1	grc_proiel_lg
Διατί	Διατί	16	grc_proiel_lg
Διδαχή	Διδαχὴ	1	grc_proiel_lg
Διόγνητος	Διόγνητε	1	grc_proiel_lg
ΕΛΑΛΗΣΕ	ΕΛΑΛΗΣΕ	1	grc_proiel_lg
ΕΜΟΥ	ΕΜΟΥ	1	grc_proiel_lg
Εἰδώς	Εἰδώς	1	grc_proiel_lg
Εἰρηναῖος	Εἰρηναίου	4	grc_proiel_lg
Εἰρηναῖος	Εἰρηναίῳ	2	grc_proiel_lg
Εἰρηναῖος	Εἰρηναῖος	1	grc_proiel_lg
Εἶδος	Εἶδον	5	grc_proiel_lg
Εἶπα	Εἶπά	1	grc_proiel_lg
Εἶπος	Εἶπόν	2	grc_proiel_lg
Εὐάρεστος	Εὐάρεστος	1	grc_proiel_lg
Εὐχαριστίας	Εὐχαριστίας	1	grc_proiel_lg
Εὔα	Εὔᾳ	1	grc_proiel_lg
Εὔτεκνος	Εὔτεκνον	1	grc_proiel_lg
Εὕα	Εὔα	1	grc_proiel_lg
Ζωσῖμος	Ζωσίμῳ	1	grc_proiel_lg
Ζωτίων	Ζωτίωνος	1	grc_proiel_lg
Θεγρί	Θεγρί	1	grc_proiel_lg
Θεοφόρος	Θεοφόρος	7	grc_proiel_lg
Θηρία	Θηρία	1	grc_proiel_lg
Θυσία	Θυσία	1	grc_proiel_lg
Κάθισος	Κάθισον	1	grc_proiel_lg
Καθήλωσος	Καθήλωσόν	1	grc_proiel_lg
Κλήμεντι	Κλήμεντι	1	grc_proiel_lg
Κλήμη	Κλήμης	1	grc_proiel_lg
Κοδράτης	Κοδράτου	1	grc_proiel_lg
Κρόκος	Κρόκος	2	grc_proiel_lg
Κυρία	Κυρία	8	grc_proiel_lg
Κυρία	χαῖρε	1	grc_proiel_lg
Κυρίας	Κυρία	5	grc_proiel_lg
Κόϊντος	Κόϊντος	1	grc_proiel_lg
Κώμη	Κώμας	2	grc_proiel_lg
Λάβινος	Λιβάνου	1	grc_proiel_lg
Λαβὰς	Λαβὰν	1	grc_proiel_lg
Λύπη	Λύπη	1	grc_proiel_lg
Μάξιμος	Μαξίμῳ	1	grc_proiel_lg
Μέχρις	Μέχρις	1	grc_proiel_lg
Μαγνησία	Μαγνησίᾳ	1	grc_proiel_lg
Μαιάνδρῳ	Μαιάνδρῳ	1	grc_proiel_lg
Μακροθυμία	Μακροθυμία	1	grc_proiel_lg
Μακρόθυμος	Μακρόθυμος	1	grc_proiel_lg
Μαρκίων	Μαρκίωνι	1	grc_proiel_lg
Μαρκίων	Μαρκίωνος	2	grc_proiel_lg
Μετάθες	Μετάθες	1	grc_proiel_lg
Μισήω	Μισήσεις	1	grc_proiel_lg
Μισαήλ	Μισαὴλ	1	grc_proiel_lg
Μωδάτ	Μωδάτ	1	grc_proiel_lg
Μωϋσής	Μωϋσῆ	3	grc_proiel_lg
Μωύσεως	Μωύσεως	1	grc_proiel_lg
Μῖσος	Μῖσος	1	grc_proiel_lg
Ναυή	Ναυή	2	grc_proiel_lg
Νεάπολις	Νεάπολιν	1	grc_proiel_lg
Νικήτης	Νικήτην	1	grc_proiel_lg
Νικήτης	Νικήτης	1	grc_proiel_lg
Ξανθικός	Ξανθικοῦ	1	grc_proiel_lg
Πέρας	Πέρας	1	grc_proiel_lg
Πίστις	Πίστεως	2	grc_proiel_lg
Πίστις	Πίστις	2	grc_proiel_lg
Πανοῦργος	Πανοῦργος	1	grc_proiel_lg
Παραβολή	Παραβολή	2	grc_proiel_lg
Παραβολή	Παραβολὴ	2	grc_proiel_lg
Περιτμήθητος	Περιτμήθητε	2	grc_proiel_lg
Πολυκάρπης	Πολυκάρπου	7	grc_proiel_lg
Πολυκάρπος	Πολυκάρπῳ	1	grc_proiel_lg
Πολυκάρπῳ	Πολυκάρπῳ	4	grc_proiel_lg
Πολύβιος	Πολύβιος	1	grc_proiel_lg
Πολύκαρπε	Πολύκαρπε	3	grc_proiel_lg
Πολύκαρπος	Πολύκαρπον	4	grc_proiel_lg
Πολύκαρπος	Πολύκαρπος	13	grc_proiel_lg
Πονηρία	Πονηρία	1	grc_proiel_lg
Πορευομένης	Πορευομένου	1	grc_proiel_lg
Πρέπω	Πρέπον	1	grc_proiel_lg
Προδήλων	Προδήλων	1	grc_proiel_lg
Προσευξαμένας	Προσευξαμένου	1	grc_proiel_lg
Σίβυλλα	Σίβυλλαν	1	grc_proiel_lg
Σατανᾶς	σατανᾶ	3	grc_proiel_lg
Σεμνότης	Σεμνότης	1	grc_proiel_lg
Σεμνότης	Σεμνότητος	1	grc_proiel_lg
Σμύρνα	Σμύρνης	3	grc_proiel_lg
Στάτιος	Στατίου	1	grc_proiel_lg
Συζητέω	Συζητῶ	1	grc_proiel_lg
Συνεχάρα	Συνεχάρην	1	grc_proiel_lg
Συρία	Συρίᾳ	6	grc_proiel_lg
Σωκράτης	Σωκράτης	1	grc_proiel_lg
Σύνεσις	Σύνεσις	1	grc_proiel_lg
Τίβερις	Τίβεριν	1	grc_proiel_lg
Ταλαίπωροί	Ταλαίπωροί	1	grc_proiel_lg
Ταουΐας	Ταουΐας	1	grc_proiel_lg
Τοσοῦτος	Τοσοῦτον	1	grc_proiel_lg
Τράλλος	Τράλλεσιν	1	grc_proiel_lg
Τραλλιανός	Τραλλιανοῦ	1	grc_proiel_lg
Τρωάς	Τρωάδι	2	grc_proiel_lg
Τρωάς	Τρωάδος	1	grc_proiel_lg
Φίλων	Φίλων	1	grc_proiel_lg
Φίλων	Φίλωνα	1	grc_proiel_lg
Φίλων	Φίλωνος	1	grc_proiel_lg
Φιλαδελφία	Φιλαδελφίᾳ	1	grc_proiel_lg
Φιλαδελφίας	Φιλαδελφίας	1	grc_proiel_lg
Φιλομήλιον	Φιλομηλίῳ	1	grc_proiel_lg
Φορτουνάτῳ	Φορτουνάτῳ	1	grc_proiel_lg
Φρυγία	Φρυγίας	1	grc_proiel_lg
Φρόντων	Φρόντωνι	1	grc_proiel_lg
Φρύξ	Φρύξ	1	grc_proiel_lg
Χριστιανισμόν	Χριστιανισμόν	1	grc_proiel_lg
Χριστιανισμός	Χριστιανισμοῦ	1	grc_proiel_lg
Χριστιανισμός	Χριστιανισμός	1	grc_proiel_lg
Χριστιανισμός	Χριστιανισμὸν	1	grc_proiel_lg
Χριστιανισμός	Χριστιανισμὸς	1	grc_proiel_lg
Χριστιανός	Χριστιανὸς	2	grc_proiel_lg
Χωρίς	Χωρὶς	1	grc_proiel_lg
εἶτα	Εἶτα	1	grc_proiel_lg
ναυὴ	Ναυὴ	1	grc_proiel_lg
οὐαλέριος	Οὐαλέριον	1	grc_proiel_lg
ψεῦδος	Ψεῦδος	1	grc_proiel_lg
ἀλήθεια	Ἀλήθεια	1	grc_proiel_lg
ἀλλ	ἀλλ	6	grc_proiel_lg
ἀσέλγεια	Ἀσέλγεια	1	grc_proiel_lg
Ἀβειρών	Ἀβειρὼν	1	grc_proiel_lg
Ἀγάπη	Ἀγάπη	2	grc_proiel_lg
Ἀγαθόποδις	Ἀγαθόποδι	1	grc_proiel_lg
Ἀγαθόπους	Ἀγαθόπουν	1	grc_proiel_lg
Ἀζαρίας	Ἀζαρίας	1	grc_proiel_lg
Ἀκακία	Ἀκακία	2	grc_proiel_lg
Ἀκακία	Ἀκακίας	1	grc_proiel_lg
Ἀκρασία	Ἀκρασία	1	grc_proiel_lg
Ἀλλ	Ἀλλ	3	grc_proiel_lg
Ἀμαλὴκ	Ἀμαλὴκ	1	grc_proiel_lg
Ἀνάγκη	Ἀνάγκην	1	grc_proiel_lg
Ἀναλαμβάνω	Ἀναλάβετε	1	grc_proiel_lg
Ἀνανίας	Ἀνανίας	1	grc_proiel_lg
Ἀνδρίζος	Ἀνδρίζου	1	grc_proiel_lg
Ἀπάτη	Ἀπάτη	1	grc_proiel_lg
Ἀπείθεια	Ἀπείθεια	1	grc_proiel_lg
Ἀπεστάλην	Ἀπεστάλην	1	grc_proiel_lg
Ἀπιστία	Ἀπιστία	1	grc_proiel_lg
Ἀποδέχομαι	Ἀποδεξάμενος	1	grc_proiel_lg
Ἀποδεχόμενός	Ἀποδεχόμενός	1	grc_proiel_lg
Ἀπολλωνίας	Ἀπολλωνίου	1	grc_proiel_lg
Ἀπολλώς	Ἀπολλώ	1	grc_proiel_lg
Ἀπολυσάτως	Ἀπολυσάτω	1	grc_proiel_lg
Ἀπροσδεής	Ἀπροσδεής	1	grc_proiel_lg
Ἀρκαδία	Ἀρκαδίαν	1	grc_proiel_lg
Ἀσιάρχης	Ἀσιάρχην	1	grc_proiel_lg
Ἀφροσύνη	Ἀφροσύνη	1	grc_proiel_lg
Ἁγίας	Ἁγίου	1	grc_proiel_lg
Ἁγιάζω	Ἁγιάσεις	1	grc_proiel_lg
Ἁγνείας	Ἁγνεία	1	grc_proiel_lg
Ἁπλότης	Ἁπλότης	2	grc_proiel_lg
Ἁπλότης	Ἁπλότητος	1	grc_proiel_lg
Ἁπλῶς	Ἁπλῶς	1	grc_proiel_lg
Ἄλκη	Ἄλκην	2	grc_proiel_lg
Ἄλκης	Ἄλκης	1	grc_proiel_lg
Ἄμωμος	Ἄμωμον	1	grc_proiel_lg
Ἄραψς	Ἄραψ	1	grc_proiel_lg
Ἄτταλος	Ἄτταλον	1	grc_proiel_lg
Ἄφρων	Ἄφρον	1	grc_proiel_lg
Ἅβελ	Ἄβελ	4	grc_proiel_lg
ἐπ	ἐπ	1	grc_proiel_lg
ἔκστηθι	Ἔκστηθι	1	grc_proiel_lg
Ἐγκράτεια	Ἐγκράτεια	3	grc_proiel_lg
Ἐγκράτεια	Ἐγκρατείας	1	grc_proiel_lg
Ἐκκλησία	Ἐκκλησίας	3	grc_proiel_lg
Ἐλδὰδ	Ἐλδὰδ	1	grc_proiel_lg
Ἐντολή	Ἐντολὴ	10	grc_proiel_lg
Ἐνώχ	Ἐνώχ	1	grc_proiel_lg
Ἐπιγινώσκω	Ἐπιγινώσκω	1	grc_proiel_lg
Ἐπιστήμη	Ἐπιστήμης	1	grc_proiel_lg
Ἐπιστολή	Ἐπιστολὴ	2	grc_proiel_lg
Ἐπιτρόπης	Ἐπιτρόπου	1	grc_proiel_lg
Ἐσθὴρ	Ἐσθὴρ	1	grc_proiel_lg
Ἐφραίμ	Ἐφραίμ	1	grc_proiel_lg
Ἑνώχ	Ἐνὼχ	1	grc_proiel_lg
Ἑρμᾶ	Ἑρμᾶ	3	grc_proiel_lg
Ἑρμᾶς	Ἑρμᾶ	3	grc_proiel_lg
Ἔγονες	Ἔγνων	1	grc_proiel_lg
Ἔφηβος	Ἔφηβον	1	grc_proiel_lg
Ἕκαστος	Ἕκαστος	2	grc_proiel_lg
Ἠσαΐας	Ἡσαΐας	1	grc_proiel_lg
Ἠσαΐας	Ἡσαΐᾳ	1	grc_proiel_lg
Ἡλιούπολις	Ἡλιούπολιν	1	grc_proiel_lg
Ἡρῴδης	Ἡρώδης	2	grc_proiel_lg
Ἡρῴδης	Ἡρώδου	3	grc_proiel_lg
Ἤθελος	Ἤθελον	5	grc_proiel_lg
Ἰγνάτιον	Ἰγνατίῳ	1	grc_proiel_lg
Ἰγνάτιος	Ἰγνάτιος	8	grc_proiel_lg
Ἰγνατίας	Ἰγνατίου	1	grc_proiel_lg
Ἰδούς	Ἰδού	8	grc_proiel_lg
Ἰδός	Ἰδοῦ	1	grc_proiel_lg
Ἰεζεκιήλ	Ἰεζεκιήλ	2	grc_proiel_lg
Ἰουδαϊσμός	Ἰουδαϊσμὸν	2	grc_proiel_lg
Ἰουδαϊσμός	Ἰουδαϊσμὸς	1	grc_proiel_lg
Ἰουδὶθ	Ἰουδὶθ	1	grc_proiel_lg
Ἰσοκράτης	Ἰσοκράτης	1	grc_proiel_lg
Ἰσοκράτης	Ἰσοκράτους	1	grc_proiel_lg
Ἱεριχώ	Ἱεριχώ	1	grc_proiel_lg
Ἱεροσόλυμα	Ἱερουσαλὴμ	1	grc_proiel_lg
Ἱλαρότης	Ἱλαρότης	1	grc_proiel_lg
Ὀλοφέρνη	Ὀλοφέρνην	1	grc_proiel_lg
Ὀνήσιμος	Ὀνήσιμος	1	grc_proiel_lg
Ὀξυχολία	Ὀξυχολία	1	grc_proiel_lg
Ὀφθαλμός	Ὀφθαλμὸς	1	grc_proiel_lg
Ὄμοσος	Ὄμοσον	2	grc_proiel_lg
ὑπ	ὑπ	1	grc_proiel_lg
ῥαχήλ	ῥαχήλ	1	grc_proiel_lg
Ῥέος	Ῥέῳ	1	grc_proiel_lg
Ῥεβέκξ	Ῥεβέκκας	1	grc_proiel_lg
Ῥούφος	Ῥούφῳ	1	grc_proiel_lg
Ῥόδη	Ῥόδῃ	1	grc_proiel_lg
